{"cameraMode":{"drawMode":0,"name":"Shaded","section":"Shading Mode"},"sceneLighting":false,"audioPlay":false,"sceneViewState":{"m_AlwaysRefresh":false,"showFog":true,"showSkybox":false,"showFlares":true,"showImageEffects":true,"showParticleSystems":true,"showVisualEffectGraphs":true,"m_FxEnabled":true},"in2DMode":false,"pivot":{"x":-2.3428547382354738,"y":1.7273222208023072,"z":1.6636430025100709},"rotation":{"x":-0.09881795197725296,"y":0.6926188468933106,"z":-0.09820284694433212,"w":-0.7077252864837647},"size":2.0615527629852297,"orthographic":false}